,hb,hb,hb,hb,hb,hb_log,hb_log,hb_log,hb_log,hb_log,red_ratio,red_ratio,red_ratio,red_ratio,red_ratio,red_blue_ratio,red_blue_ratio,red_blue_ratio,red_blue_ratio,red_blue_ratio,pct_red_pixel,pct_red_pixel,pct_red_pixel,pct_red_pixel,pct_red_pixel,pct_green_pixel,pct_green_pixel,pct_green_pixel,pct_green_pixel,pct_green_pixel,pct_blue_pixel,pct_blue_pixel,pct_blue_pixel,pct_blue_pixel,pct_blue_pixel
,mean,std,median,min,max,mean,std,median,min,max,mean,std,median,min,max,mean,std,median,min,max,mean,std,median,min,max,mean,std,median,min,max,mean,std,median,min,max
anemic,,,,,,,,,,,,,,,,,,,,,,,,,,,,,,,,,,,
0,13.26038062896797,1.4371406823032977,13.095310042863243,10.13757179318166,16.50831311581539,2.6524285676396477,0.10083134466890055,2.6458420553080906,2.410324238853069,2.862675803325423,0.4614767343801869,0.026111453969356054,0.45627364389861136,0.416945403762271,0.5466830094028088,1.8328272333286668,0.2686639498424419,1.748812100876505,1.4777049356758063,2.8063232521316896,46.1444909144714,2.6092845558754494,45.64910621417566,41.632691465446214,54.776063829287104,28.39321284229612,1.3281707466981363,28.446609166825475,25.023080055074683,32.04542522377453,25.45575774044421,1.9598665730206577,25.932964128909276,19.495306192878832,28.486633458215067
1,8.616366664742378,1.5675944382366378,9.059361690720376,4.0,9.9,2.2465327950759355,0.19661679806278548,2.3085036549779527,1.6094379124341005,2.388762789235098,0.43914859565696707,0.024872143619831096,0.43413288334581474,0.3869941949739389,0.5018021440190363,1.7255332996251376,0.23300783162079988,1.6767504679194238,1.294388354079799,2.4261763134065912,43.9160287382234,2.4806332657797308,43.41309730919302,38.626132957086554,50.16321238263146,30.39106397872205,1.125633097877535,30.47703858780789,27.276305826708892,32.5264553784992,25.69654115535838,1.8694074134472627,26.010720092080877,20.56975927833979,29.95634109069109
